size,dot_product_time,matrix_vector_time
100,6.51e-7,7.5134e-5
100,1.4e-7,5.5626e-5
100,1.1e-7,4.9224e-5
100,1.0e-7,5.0357e-5
100,1.0e-7,5.1669e-5
100,1.0e-7,4.689e-5
100,1.0e-7,4.8021e-5
100,1.0e-7,4.9925e-5
100,1.1e-7,4.7641e-5
100,1.1e-7,5.0447e-5
200,1.71e-7,0.000227946
200,2.0e-7,0.000196585
200,1.91e-7,0.0375596
200,2.71e-7,0.000130429
200,1.81e-7,0.000129968
200,1.8e-7,0.000129517
200,1.8e-7,0.000128506
200,1.8e-7,0.000128065
200,2.11e-7,0.000129177
200,1.8e-7,0.000129968
300,2.61e-7,0.000425112
300,2.4e-7,0.00040823
300,2.5e-7,0.000495547
300,4.3e-7,0.000388932
300,2.5e-7,0.000398641
300,2.6e-7,0.000395616
300,2.51e-7,0.000355248
300,2.5e-7,0.000339969
300,2.5e-7,0.000339799
300,2.6e-7,0.000339729
400,5.11e-7,0.000620185
400,4.91e-7,0.000582442
400,7.22e-7,0.000623622
400,4.81e-7,0.000632267
400,4.81e-7,0.000680289
400,4.61e-7,0.000632579
400,4.61e-7,0.000612129
400,3.91e-7,0.000627408
400,3.4e-7,0.000610165
400,4.11e-7,0.000698665
500,9.01e-7,0.001087928
500,4.81e-7,0.00104188
500,5.01e-7,0.001016041
500,6.61e-7,0.001106624
500,5.11e-7,0.000923564
500,5.71e-7,0.00094243
500,5.21e-7,0.001004839
500,5.11e-7,0.001190234
500,6.21e-7,0.000959202
500,5.71e-7,0.001060415
600,1.182e-6,0.001452214
600,7.01e-7,0.001426444
600,6.82e-7,0.001433278
600,7.31e-7,0.001383412
600,7.41e-7,0.001354428
600,6.71e-7,0.001465188
600,6.91e-7,0.001478353
600,1.032e-6,0.001521496
600,5.81e-7,0.001381078
600,1.002e-6,0.001411927
700,7.22e-7,0.001961276
700,7.62e-7,0.002034085
700,1.102e-6,0.002200664
700,9.72e-7,0.002000421
700,1.042e-6,0.001987105
700,8.82e-7,0.002012413
700,7.51e-7,0.001975453
700,8.92e-7,0.002099179
700,8.42e-7,0.002013456
700,9.02e-7,0.002011291
800,1.022e-6,0.002587643
800,1.242e-6,0.00251311
800,1.182e-6,0.002600837
800,1.533e-6,0.002560812
800,9.52e-7,0.002485878
800,7.92e-7,0.002630996
800,1.182e-6,0.002642066
800,9.92e-7,0.002568206
800,1.032e-6,0.00264424
800,1.092e-6,0.0026492
900,9.52e-7,0.003269625
900,1.463e-6,0.003359547
900,1.683e-6,0.003352614
900,1.062e-6,0.003237574
900,9.72e-7,0.003424551
900,1.543e-6,0.003380526
900,1.002e-6,0.003201726
900,1.212e-6,0.003567204
900,1.403e-6,0.003338877
900,1.342e-6,0.003391958
1000,1.102e-6,0.004254617
1000,1.313e-6,0.004134126
1000,1.382e-6,0.004021631
1000,1.022e-6,0.004220841
1000,1.142e-6,0.004121723
1000,1.283e-6,0.00439249
1000,1.423e-6,0.004170496
1000,1.403e-6,0.003957048
1000,1.312e-6,0.004106683
1000,1.363e-6,0.004333126
1100,1.693e-6,0.005160918
1100,1.272e-6,0.00517751
1100,1.462e-6,0.005220632
1100,1.072e-6,0.008917994
1100,1.353e-6,0.005242253
1100,1.072e-6,0.005023745
1100,1.253e-6,0.005166559
1100,1.733e-6,0.005207577
1100,1.192e-6,0.005247532
1100,1.082e-6,0.005202998
1200,1.543e-6,0.006449699
1200,2.955e-6,0.006867187
1200,1.724e-6,0.006378032
1200,1.593e-6,0.00657583
1200,1.383e-6,0.006642888
1200,1.583e-6,0.006481579
1200,1.503e-6,0.00642354
1200,1.443e-6,0.008377791
1200,1.803e-6,0.006271519
1200,1.623e-6,0.006400595
1300,1.613e-6,0.008262602
1300,1.603e-6,0.008175486
1300,1.563e-6,0.008417988
1300,1.864e-6,0.009533649
1300,1.593e-6,0.008331734
1300,1.513e-6,0.008194922
1300,1.814e-6,0.008590809
1300,1.282e-6,0.008339649
1300,1.223e-6,0.00852333
1300,1.934e-6,0.00912045
1400,1.913e-6,0.008860674
1400,1.583e-6,0.009970013
1400,1.954e-6,0.009671994
1400,1.723e-6,0.009207386
1400,1.563e-6,0.009639041
1400,1.463e-6,0.008618852
1400,1.473e-6,0.009083159
1400,1.894e-6,0.009246421
1400,1.533e-6,0.008954583
1400,1.523e-6,0.009210212
1500,1.823e-6,0.01109958
1500,1.422e-6,0.011143374
1500,1.784e-6,0.011130951
1500,1.703e-6,0.012949855
1500,1.663e-6,0.011082678
1500,1.673e-6,0.011269595
1500,1.964e-6,0.011350741
1500,1.744e-6,0.013926976
1500,1.363e-6,0.011028685
1500,3.196e-6,0.011429631
1600,1.794e-6,0.013783336
1600,1.874e-6,0.014521336
1600,1.452e-6,0.012969542
1600,1.813e-6,0.013368685
1600,2.515e-6,0.013223488
1600,1.743e-6,0.014796372
1600,1.623e-6,0.013109519
1600,1.583e-6,0.013455501
1600,1.684e-6,0.0135914
1600,1.714e-6,0.013772746
1700,1.713e-6,0.014822782
1700,1.854e-6,0.014556513
1700,1.924e-6,0.015886194
1700,1.853e-6,0.01455483
1700,1.833e-6,0.014821069
1700,1.843e-6,0.014682545
1700,1.843e-6,0.014291808
1700,1.764e-6,0.014757478
1700,1.733e-6,0.015528069
1700,1.853e-6,0.01631911
1800,1.884e-6,0.014945537
1800,1.854e-6,0.014563858
1800,1.873e-6,0.016063662
1800,2.024e-6,0.015054825
1800,1.633e-6,0.014911702
1800,1.914e-6,0.016106745
1800,2.114e-6,0.015026952
1800,2.274e-6,0.014545893
1800,1.593e-6,0.017237995
1800,2.756e-6,0.015129638
1900,1.994e-6,0.018594316
1900,1.724e-6,0.01941324
1900,1.883e-6,0.018360028
1900,1.973e-6,0.018071177
1900,2.275e-6,0.019301777
1900,1.963e-6,0.018333248
1900,1.884e-6,0.018364957
1900,1.954e-6,0.018088931
1900,1.884e-6,0.018438027
1900,1.934e-6,0.018163112
2000,2.114e-6,0.018975774
2000,1.913e-6,0.018606529
2000,1.974e-6,0.021561814
2000,2.034e-6,0.018568426
2000,2.044e-6,0.018920198
2000,2.063e-6,0.018657156
2000,2.264e-6,0.019729495
2000,1.994e-6,0.021415354
2000,1.974e-6,0.019046084
2000,2.104e-6,0.018206576
2100,2.174e-6,0.021907895
2100,2.164e-6,0.0216017
2100,2.274e-6,0.023809297
2100,2.195e-6,0.021403562
2100,2.024e-6,0.021611579
2100,1.994e-6,0.021554791
2100,1.803e-6,0.023037092
2100,2.134e-6,0.023809457
2100,2.054e-6,0.025262919
2100,2.125e-6,0.022107326
2200,2.465e-6,0.021745425
2200,2.435e-6,0.021637538
2200,2.094e-6,0.023431315
2200,2.024e-6,0.021719855
2200,2.414e-6,0.023324761
2200,2.274e-6,0.021791854
2200,2.174e-6,0.023766074
2200,2.294e-6,0.021626067
2200,2.324e-6,0.02351236
2200,2.405e-6,0.021954284
2300,2.675e-6,0.028280727
2300,1.994e-6,0.026730687
2300,2.384e-6,0.0290514
2300,2.365e-6,0.026904259
2300,1.944e-6,0.02877434
2300,2.324e-6,0.027310123
2300,3.496e-6,0.031158273
2300,2.705e-6,0.027179754
2300,2.274e-6,0.02834531
2300,2.404e-6,0.026074524
2400,2.504e-6,0.029505987
2400,2.475e-6,0.027827732
2400,2.335e-6,0.027249377
2400,2.254e-6,0.027367413
2400,2.435e-6,0.027360189
2400,2.484e-6,0.027293472
2400,2.314e-6,0.027374707
2400,2.304e-6,0.027411446
2400,2.395e-6,0.028151439
2400,2.505e-6,0.027671612
2500,2.415e-6,0.030779378
2500,2.394e-6,0.032040868
2500,2.224e-6,0.031293089
2500,2.204e-6,0.031661273
2500,2.485e-6,0.031148012
2500,2.434e-6,0.031980782
2500,2.264e-6,0.031533078
2500,2.585e-6,0.031496297
2500,2.345e-6,0.031432546
2500,2.315e-6,0.031824194
2600,2.354e-6,0.031984058
2600,3.837e-6,0.031833792
2600,2.865e-6,0.030895399
2600,2.394e-6,0.031254947
2600,2.325e-6,0.030655121
2600,2.725e-6,0.030988617
2600,2.454e-6,0.030935447
2600,2.475e-6,0.030950014
2600,2.555e-6,0.031386788
2600,2.675e-6,0.031020429
2700,2.756e-6,0.038129486
2700,2.484e-6,0.039469275
2700,2.725e-6,0.036297468
2700,3.056e-6,0.035999488
2700,2.304e-6,0.038009278
2700,2.775e-6,0.035855834
2700,2.705e-6,0.036765671
2700,2.766e-6,0.037427486
2700,2.715e-6,0.036251208
2700,2.876e-6,0.035682904
2800,2.374e-6,0.036983247
2800,2.886e-6,0.035320401
2800,2.745e-6,0.035473634
2800,2.565e-6,0.036763507
2800,3.376e-6,0.035689607
2800,2.495e-6,0.035148863
2800,2.515e-6,0.037223226
2800,2.735e-6,0.03503767
2800,2.675e-6,0.036050786
2800,2.275e-6,0.036646183
2900,3.016e-6,0.041080413
2900,2.756e-6,0.040999418
2900,2.494e-6,0.043140208
2900,2.264e-6,0.041528819
2900,2.585e-6,0.041768427
2900,2.565e-6,0.043133333
2900,2.715e-6,0.041409902
2900,2.685e-6,0.041671561
2900,2.705e-6,0.044086895
2900,2.705e-6,0.042710996
3000,2.745e-6,0.041700056
3000,3.016e-6,0.042137621
3000,3.076e-6,0.041353124
3000,2.766e-6,0.039931517
3000,2.745e-6,0.042350168
3000,3.095e-6,0.042036999
3000,2.885e-6,0.045019517
3000,2.615e-6,0.045230779
3000,3.447e-6,0.04179583
3000,2.765e-6,0.043387768
3100,2.725e-6,0.050632337
3100,3.055e-6,0.050668256
3100,2.705e-6,0.051253202
3100,2.675e-6,0.049615475
3100,2.715e-6,0.052260165
3100,2.926e-6,0.050087426
3100,3.126e-6,0.049103497
3100,2.845e-6,0.047268
3100,2.976e-6,0.049756635
3100,3.227e-6,0.048636294
3200,2.835e-6,0.054970203
3200,3.026e-6,0.053662455
3200,2.775e-6,0.056591258
3200,3.446e-6,0.055300042
3200,3.126e-6,0.05674384
3200,3.146e-6,0.054839033
3200,2.926e-6,0.056957956
3200,2.795e-6,0.056987034
3200,2.866e-6,0.062171736
3200,3.276e-6,0.060328547
3300,2.915e-6,0.055171296
3300,2.986e-6,0.05469717
3300,3.297e-6,0.055315602
3300,2.605e-6,0.05436683
3300,3.116e-6,0.054794686
3300,3.066e-6,0.05490056
3300,3.266e-6,0.055565989
3300,2.886e-6,0.052958599
3300,3.096e-6,0.060667915
3300,3.066e-6,0.053809105
3400,2.976e-6,0.053590866
3400,3.116e-6,0.051878537
3400,3.086e-6,0.05430909
3400,3.837e-6,0.052156246
3400,2.986e-6,0.053428367
3400,3.026e-6,0.052028423
3400,3.216e-6,0.053620033
3400,3.457e-6,0.051926689
3400,2.945e-6,0.053720074
3400,3.096e-6,0.050635152
3500,3.707e-6,0.061520062
3500,3.096e-6,0.061804765
3500,3.337e-6,0.06153994
3500,2.996e-6,0.061426705
3500,3.286e-6,0.062355378
3500,3.206e-6,0.062012032
3500,3.166e-6,0.083076925
3500,3.286e-6,0.063029485
3500,3.136e-6,0.06184895
3500,2.925e-6,0.062666944
3600,3.256e-6,0.062867375
3600,3.246e-6,0.062680738
3600,3.677e-6,0.06688504
3600,3.066e-6,0.065023544
3600,3.186e-6,0.059832579
3600,2.996e-6,0.060238233
3600,3.095e-6,0.059648687
3600,3.597e-6,0.05935649
3600,3.015e-6,0.058983207
3600,3.487e-6,0.059265425
3700,3.446e-6,0.06806235
3700,3.055e-6,0.068385638
3700,2.936e-6,0.068032093
3700,2.936e-6,0.068223269
3700,3.086e-6,0.068623082
3700,3.166e-6,0.068472794
3700,3.176e-6,0.069091746
3700,3.717e-6,0.068408171
3700,3.176e-6,0.06838659
3700,3.276e-6,0.067987288
3800,3.547e-6,0.064548589
3800,3.246e-6,0.064614035
3800,3.547e-6,0.064703855
3800,3.467e-6,0.064703445
3800,3.196e-6,0.064571934
3800,3.266e-6,0.065775423
3800,3.387e-6,0.064867018
3800,3.607e-6,0.068447261
3800,3.586e-6,0.064632079
3800,3.226e-6,0.065315364
3900,3.336e-6,0.08011386
3900,3.296e-6,0.07632318
3900,3.758e-6,0.075974443
3900,3.276e-6,0.076036141
3900,3.687e-6,0.076989652
3900,4.188e-6,0.076187089
3900,3.387e-6,0.076472514
3900,3.306e-6,0.079131153
3900,3.247e-6,0.076187901
3900,3.196e-6,0.075050798
4000,3.366e-6,0.07784151
4000,3.567e-6,0.077921792
4000,3.456e-6,0.078095715
4000,3.286e-6,0.077739926
4000,3.366e-6,0.078008538
4000,3.497e-6,0.079333049
4000,3.467e-6,0.080239865
4000,3.346e-6,0.078040028
4000,3.386e-6,0.078081658
4000,3.267e-6,0.077249748
4100,3.416e-6,0.086224391
4100,3.236e-6,0.08610353
4100,3.547e-6,0.086770614
4100,3.476e-6,0.086879272
4100,3.427e-6,0.086406198
4100,3.466e-6,0.08832908
4100,3.266e-6,0.087803182
4100,3.446e-6,0.086036301
4100,3.376e-6,0.086619505
4100,3.627e-6,0.087271491
4200,3.456e-6,0.08021346
4200,3.918e-6,0.080136482
4200,3.476e-6,0.079870054
4200,3.587e-6,0.090806911
4200,3.466e-6,0.081824858
4200,3.416e-6,0.082446435
4200,3.767e-6,0.081707714
4200,3.667e-6,0.082191949
4200,3.456e-6,0.082803657
4200,3.467e-6,0.087279035
4300,3.577e-6,0.094424283
4300,3.707e-6,0.096105203
4300,3.697e-6,0.093927804
4300,3.597e-6,0.093430063
4300,3.927e-6,0.097787105
4300,3.476e-6,0.093172211
4300,4.008e-6,0.091544954
4300,3.477e-6,0.092692845
4300,3.627e-6,0.091937282
4300,3.577e-6,0.093980806
4400,3.978e-6,0.094921362
4400,3.526e-6,0.093025851
4400,3.637e-6,0.092948484
4400,3.958e-6,0.093274558
4400,3.807e-6,0.092778781
4400,3.707e-6,0.093113131
4400,3.807e-6,0.092927906
4400,3.527e-6,0.094335736
4400,3.607e-6,0.092481023
4400,3.627e-6,0.092883892
4500,3.758e-6,0.107348747
4500,4.027e-6,0.106150501
4500,3.697e-6,0.106787048
4500,3.908e-6,0.106446467
4500,3.747e-6,0.108834217
4500,3.697e-6,0.108985918
4500,3.808e-6,0.108557079
4500,3.607e-6,0.103350464
4500,3.697e-6,0.105051132
4500,3.888e-6,0.104606814
4600,4.348e-6,0.095445556
4600,3.978e-6,0.096284808
4600,4.188e-6,0.095675945
4600,3.517e-6,0.094599669
4600,4.058e-6,0.095251804
4600,4.107e-6,0.095040782
4600,3.877e-6,0.103916575
4600,1.8265e-5,0.094625208
4600,4.028e-6,0.096624427
4600,3.927e-6,0.094816553
4700,3.957e-6,0.11004486
4700,3.837e-6,0.110471876
4700,3.877e-6,0.108644135
4700,4.218e-6,0.108936994
4700,4.208e-6,0.108256565
4700,4.158e-6,0.109776167
4700,4.158e-6,0.109848546
4700,3.897e-6,0.114388165
4700,3.898e-6,0.114747012
4700,3.927e-6,0.109006276
4800,3.888e-6,0.116099075
4800,4.308e-6,0.115179468
4800,3.938e-6,0.116165922
4800,3.917e-6,0.115348541
4800,4.128e-6,0.122167745
4800,3.977e-6,0.117819831
4800,3.957e-6,0.117639426
4800,3.947e-6,0.11608139
4800,4.86e-6,0.11707081
4800,3.707e-6,0.115527663
4900,3.957e-6,0.123606092
4900,4.258e-6,0.134640008
4900,3.997e-6,0.131119725
4900,4.148e-6,0.126321569
4900,4.428e-6,0.123595171
4900,4.088e-6,0.123652892
4900,3.818e-6,0.127353235
4900,4.128e-6,0.1303586
4900,4.579e-6,0.119807417
4900,4.048e-6,0.122899744
5000,4.208e-6,0.113570673
5000,4.248e-6,0.112065499
5000,4.078e-6,0.112407702
5000,4.048e-6,0.112164157
5000,4.218e-6,0.113477907
5000,4.348e-6,0.112632902
5000,4.178e-6,0.112791645
5000,3.928e-6,0.111763481
5000,4.027e-6,0.111661517
5000,3.927e-6,0.11338063
5100,4.087e-6,0.131683392
5100,4.108e-6,0.130585123
5100,5.631e-6,0.129979537
5100,4.148e-6,0.131010025
5100,4.478e-6,0.135187465
5100,4.568e-6,0.130974147
5100,4.238e-6,0.131099496
5100,3.857e-6,0.136213184
5100,4.438e-6,0.132676589
5100,3.998e-6,0.131208775
5200,4.158e-6,0.129314927
5200,4.087e-6,0.133171955
5200,4.248e-6,0.12946806
5200,4.118e-6,0.130596906
5200,4.379e-6,0.129476646
5200,4.178e-6,0.129373629
5200,4.528e-6,0.14161424
5200,4.098e-6,0.129504961
5200,4.769e-6,0.131238681
5200,4.889e-6,0.143356369
5300,4.258e-6,0.142558695
5300,4.358e-6,0.140065121
5300,4.398e-6,0.142631194
5300,4.118e-6,0.144001456
5300,4.017e-6,0.139475986
5300,4.168e-6,0.137952996
5300,4.298e-6,0.137939562
5300,4.148e-6,0.139330228
5300,4.118e-6,0.138827978
5300,4.138e-6,0.138443714
5400,4.208e-6,0.129710894
5400,4.299e-6,0.129380335
5400,4.409e-6,0.129478895
5400,4.329e-6,0.130463476
5400,5.24e-6,0.137724409
5400,4.398e-6,0.133287971
5400,4.248e-6,0.131987124
5400,4.769e-6,0.130954543
5400,5.12e-6,0.131333838
5400,4.248e-6,0.133596068
5500,4.268e-6,0.151676133
5500,4.619e-6,0.151025731
5500,4.459e-6,0.151507751
5500,9.368e-6,0.152631788
5500,5.04e-6,0.156984532
5500,4.348e-6,0.158242986
5500,4.409e-6,0.149612151
5500,4.278e-6,0.148560562
5500,4.278e-6,0.14979027
5500,4.309e-6,0.149619374
5600,4.348e-6,0.150023837
5600,4.418e-6,0.150967218
5600,4.379e-6,0.150153404
5600,4.579e-6,0.151735215
5600,4.388e-6,0.153755045
5600,4.359e-6,0.15128754
5600,4.438e-6,0.15065416
5600,4.569e-6,0.150963071
5600,4.759e-6,0.151295516
5600,4.408e-6,0.150628171
5700,4.659e-6,0.160858221
5700,4.518e-6,0.160840999
5700,4.669e-6,0.160152252
5700,4.819e-6,0.160842841
5700,4.398e-6,0.163428741
5700,4.448e-6,0.160293803
5700,4.438e-6,0.160631669
5700,4.478e-6,0.162340442
5700,4.369e-6,0.16020323
5700,4.509e-6,0.160495096
5800,4.598e-6,0.149253401
5800,4.649e-6,0.149187265
5800,4.459e-6,0.149852966
5800,4.579e-6,0.151021949
5800,4.489e-6,0.149696648
5800,4.578e-6,0.148922779
5800,5.2e-6,0.14994893
5800,4.588e-6,0.1488188
5800,4.589e-6,0.149377327
5800,4.559e-6,0.148427714
5900,5.019e-6,0.172860011
5900,4.639e-6,0.174110489
5900,4.589e-6,0.172229737
5900,4.769e-6,0.177054122
5900,4.559e-6,0.17256641
5900,4.559e-6,0.174139275
5900,4.649e-6,0.17239358
5900,4.819e-6,0.172758037
5900,4.699e-6,0.17269685
5900,4.699e-6,0.172727388
6000,4.598e-6,0.168938391
6000,4.719e-6,0.168686539
6000,4.919e-6,0.172264323
6000,5.049e-6,0.168801148
6000,4.699e-6,0.170339727
6000,4.849e-6,0.16852945
6000,4.759e-6,0.168568324
6000,4.729e-6,0.169025267
6000,4.609e-6,0.170534789
6000,5.029e-6,0.168732477
6100,4.739e-6,0.18225208
6100,5.079e-6,0.184971044
6100,4.679e-6,0.184286626
6100,4.729e-6,0.183850924
6100,4.699e-6,0.182629181
6100,4.799e-6,0.182916358
6100,4.939e-6,0.184442994
6100,4.799e-6,0.183177277
6100,4.929e-6,0.182704404
6100,4.589e-6,0.189625574
6200,4.779e-6,0.177417046
6200,5.04e-6,0.173635917
6200,4.859e-6,0.172229807
6200,4.629e-6,0.173378561
6200,5.621e-6,0.17180187
6200,5.089e-6,0.173156747
6200,5.05e-6,0.172418747
6200,4.949e-6,0.176675018
6200,5.961e-6,0.173449476
6200,4.729e-6,0.173529839
6300,5.24e-6,0.197818712
6300,4.869e-6,0.198229167
6300,5.16e-6,0.197301364
6300,4.93e-6,0.200835886
6300,4.9e-6,0.197287488
6300,4.919e-6,0.204863759
6300,4.939e-6,0.198223115
6300,4.2401e-5,0.19725738
6300,4.859e-6,0.197821779
6300,4.719e-6,0.198571761
6400,5.109e-6,0.402643607
6400,4.909e-6,0.410916008
6400,5.1e-6,0.400530192
6400,5.01e-6,0.403066374
6400,5.04e-6,0.402238694
6400,5.019e-6,0.400758375
6400,5.22e-6,0.40648838
6400,5.281e-6,0.400165373
6400,4.979e-6,0.402985329
6400,4.99e-6,0.399084259
6500,4.969e-6,0.215631911
6500,4.98e-6,0.213704781
6500,4.95e-6,0.211459662
6500,5.1e-6,0.213482626
6500,5.25e-6,0.212601293
6500,5.04e-6,0.21276192
6500,5.17e-6,0.212513696
6500,5.069e-6,0.211476595
6500,4.96e-6,0.216512448
6500,4.89e-6,0.212077833
6600,5.02e-6,0.198076109
6600,5.119e-6,0.197801024
6600,5.22e-6,0.1963698
6600,5.5e-6,0.197160129
6600,5.44e-6,0.197583748
6600,7.464e-6,0.200830179
6600,5.059e-6,0.197593846
6600,4.909e-6,0.198336465
6600,5.28e-6,0.196520186
6600,5.029e-6,0.197296028
6700,5.14e-6,0.230762341
6700,5.25e-6,0.230047444
6700,5.13e-6,0.230465494
6700,5.18e-6,0.228105286
6700,5.09e-6,0.229301941
6700,5.11e-6,0.227859906
6700,5.25e-6,0.227959957
6700,5.129e-6,0.229559753
6700,5.33e-6,0.228372576
6700,5.13e-6,0.23191918
6800,5.15e-6,0.223099724
6800,5.38e-6,0.224294627
6800,5.25e-6,0.223818737
6800,5.24e-6,0.225154228
6800,5.2e-6,0.22433253
6800,5.421e-6,0.224761799
6800,5.17e-6,0.228241095
6800,6.151e-6,0.224650376
6800,5.381e-6,0.222823456
6800,6.282e-6,0.223028218
6900,5.461e-6,0.246736652
6900,6.703e-6,0.246526902
6900,5.611e-6,0.245058435
6900,5.401e-6,0.24623922
6900,5.501e-6,0.241969144
6900,5.32e-6,0.244460231
6900,5.661e-6,0.243245131
6900,5.39e-6,0.242554952
6900,5.571e-6,0.247352897
6900,5.39e-6,0.249274036
7000,5.31e-6,0.224998049
7000,5.441e-6,0.226241854
7000,5.45e-6,0.235935789
7000,5.33e-6,0.236022625
7000,5.31e-6,0.235486852
7000,6.603e-6,0.241257224
7000,5.35e-6,0.235856759
7000,5.59e-6,0.236222057
7000,5.341e-6,0.236383755
7000,5.651e-6,0.235401319
7100,5.37e-6,0.26336965
7100,5.4e-6,0.257794461
7100,5.39e-6,0.26507637
7100,5.46e-6,0.269940891
7100,5.53e-6,0.266665855
7100,5.381e-6,0.265496201
7100,5.861e-6,0.265032046
7100,5.56e-6,0.271516322
7100,5.551e-6,0.265754637
7100,5.57e-6,0.265956052
7200,6.192e-6,0.262423624
7200,5.561e-6,0.26282926
7200,5.581e-6,0.26440051
7200,5.501e-6,0.266916556
7200,5.401e-6,0.263973584
7200,5.571e-6,0.264408996
7200,5.62e-6,0.263198725
7200,5.641e-6,0.26348419
7200,5.661e-6,0.264837385
7200,5.47e-6,0.269491776
7300,5.731e-6,0.289269091
7300,6.272e-6,0.289193296
7300,5.55e-6,0.291348022
7300,5.481e-6,0.29641331
7300,5.771e-6,0.290113093
7300,5.55e-6,0.284859428
7300,5.871e-6,0.28648907
7300,5.521e-6,0.2848677
7300,5.641e-6,0.286808832
7300,5.861e-6,0.286811933
7400,5.581e-6,0.270368449
7400,5.901e-6,0.269992782
7400,5.58e-6,0.269727855
7400,5.721e-6,0.269689724
7400,5.641e-6,0.270524978
7400,5.631e-6,0.271100958
7400,5.811e-6,0.269580425
7400,5.65e-6,0.268586606
7400,5.631e-6,0.269562271
7400,5.701e-6,0.273059781
7500,8.557e-6,0.306356019
7500,5.731e-6,0.31089854
7500,5.721e-6,0.305829363
7500,5.691e-6,0.307251049
7500,6.954e-6,0.308925076
7500,6.542e-6,0.306882665
7500,5.661e-6,0.312287679
7500,7.003e-6,0.308394193
7500,5.691e-6,0.307245714
7500,5.771e-6,0.310844955
7600,5.71e-6,0.294818969
7600,3.0358e-5,0.297140472
7600,5.811e-6,0.290768513
7600,6.172e-6,0.290078915
7600,5.982e-6,0.294528013
7600,5.861e-6,0.29463657
7600,5.821e-6,0.299610952
7600,5.771e-6,0.294182263
7600,5.721e-6,0.295458941
7600,6.302e-6,0.293943297
7700,6.252e-6,0.32705906
7700,6.622e-6,0.336874117
7700,5.991e-6,0.328173428
7700,6.131e-6,0.329967706
7700,5.901e-6,0.328415511
7700,5.881e-6,0.328078927
7700,7.264e-6,0.332722137
7700,5.951e-6,0.328237377
7700,6.132e-6,0.331686505
7700,5.931e-6,0.3272966
7800,6.112e-6,0.302516829
7800,5.961e-6,0.305942763
7800,6.021e-6,0.303306076
7800,6.082e-6,0.303180106
7800,5.932e-6,0.302651595
7800,6.262e-6,0.304283393
7800,6.031e-6,0.306036401
7800,6.022e-6,0.304287341
7800,5.861e-6,0.303974383
7800,8.566e-6,0.305052443
7900,5.961e-6,0.335973344
7900,6.232e-6,0.336884228
7900,6.031e-6,0.340074898
7900,6.162e-6,0.338303564
7900,6.071e-6,0.340042004
7900,5.921e-6,0.347412409
7900,6.001e-6,0.345295724
7900,3.0027e-5,0.341411215
7900,6.001e-6,0.345632953
7900,5.992e-6,0.335578829
8000,6.171e-6,0.486248231
8000,6.062e-6,0.469048209
8000,6.151e-6,0.468191001
8000,6.101e-6,0.486362129
8000,6.082e-6,0.487470196
8000,6.012e-6,0.483722347
8000,5.981e-6,0.477577269
8000,6.202e-6,0.496241219
8000,6.012e-6,0.461823228
8000,6.292e-6,0.474459123
8100,6.122e-6,0.358296736
8100,6.062e-6,0.356368983
8100,6.151e-6,0.356101202
8100,6.112e-6,0.355771351
8100,6.302e-6,0.35534702
8100,6.141e-6,0.364484704
8100,6.292e-6,0.358409465
8100,6.131e-6,0.357559647
8100,6.232e-6,0.356008225
8100,6.062e-6,0.363145576
8200,6.272e-6,0.337115769
8200,6.242e-6,0.339384903
8200,6.292e-6,0.355738955
8200,6.202e-6,0.33954024
8200,6.192e-6,0.341161315
8200,6.473e-6,0.339575016
8200,6.192e-6,0.340040493
8200,6.422e-6,0.337826153
8200,6.583e-6,0.344867953
8200,6.422e-6,0.342589922
8300,6.342e-6,0.380927949
8300,6.322e-6,0.380961173
8300,6.192e-6,0.384608569
8300,6.362e-6,0.380889741
8300,6.632e-6,0.377701327
8300,6.833e-6,0.376228283
8300,6.532e-6,0.384468557
8300,6.472e-6,0.386395513
8300,6.262e-6,0.381480925
8300,6.332e-6,0.377213394
8400,6.312e-6,0.360790245
8400,7.524e-6,0.36395501
8400,6.402e-6,0.362301724
8400,6.482e-6,0.36496392
8400,6.492e-6,0.360825526
8400,6.282e-6,0.363798437
8400,6.402e-6,0.357483141
8400,6.282e-6,0.359419511
8400,6.493e-6,0.373291247
8400,6.483e-6,0.36072302
8500,6.553e-6,0.400025791
8500,6.322e-6,0.404023427
8500,7.985e-6,0.405557637
8500,6.372e-6,0.395030178
8500,6.222e-6,0.394220683
8500,6.673e-6,0.393711841
8500,6.492e-6,0.401442046
8500,6.402e-6,0.394557608
8500,6.433e-6,0.394931453
8500,6.442e-6,0.393988022
8600,6.332e-6,0.376980005
8600,6.393e-6,0.382422853
8600,6.612e-6,0.377382098
8600,6.402e-6,0.373951445
8600,6.583e-6,0.376799158
8600,6.483e-6,0.373401068
8600,6.483e-6,0.378613444
8600,6.433e-6,0.377146202
8600,6.523e-6,0.380508153
8600,6.843e-6,0.373122426
8700,6.552e-6,0.412132478
8700,6.483e-6,0.413444314
8700,6.462e-6,0.417802779
8700,6.573e-6,0.41561868
8700,6.803e-6,0.415947157
8700,6.622e-6,0.418494193
8700,6.603e-6,0.427479891
8700,6.773e-6,0.419338755
8700,6.582e-6,0.412515663
8700,6.783e-6,0.421873803
8800,6.583e-6,0.412677873
8800,8.667e-6,0.411536181
8800,6.543e-6,0.415537685
8800,6.683e-6,0.415219808
8800,6.863e-6,0.418476317
8800,8.146e-6,0.407080721
8800,6.652e-6,0.40189707
8800,6.763e-6,0.407634283
8800,6.552e-6,0.403273972
8800,6.592e-6,0.404221603
8900,6.603e-6,0.443727894
8900,6.593e-6,0.448911115
8900,6.934e-6,0.449555776
8900,6.672e-6,0.444571676
8900,6.522e-6,0.44686633
8900,6.703e-6,0.438734666
8900,6.673e-6,0.439048476
8900,6.663e-6,0.436759815
8900,7.023e-6,0.443419786
8900,6.602e-6,0.439485179
9000,7.113e-6,0.415325169
9000,6.693e-6,0.42139462
9000,7.004e-6,0.426262239
9000,6.913e-6,0.415877232
9000,6.693e-6,0.41479248
9000,6.843e-6,0.419155273
9000,6.834e-6,0.415802149
9000,2.4997e-5,0.414835191
9000,6.663e-6,0.41633224
9000,6.793e-6,0.416691937
9100,6.853e-6,0.46570707
9100,6.833e-6,0.456452504
9100,6.833e-6,0.46073327
9100,6.763e-6,0.465549662
9100,6.873e-6,0.463548128
9100,8.437e-6,0.467896749
9100,6.933e-6,0.464747392
9100,6.853e-6,0.457567948
9100,7.113e-6,0.459237177
9100,6.873e-6,0.462087342
9200,7.384e-6,0.437305846
9200,7.324e-6,0.437897045
9200,6.973e-6,0.439421005
9200,6.763e-6,0.450952104
9200,7.014e-6,0.436323519
9200,6.983e-6,0.438694437
9200,6.984e-6,0.450248037
9200,6.833e-6,0.443309733
9200,6.692e-6,0.440999685
9200,7.024e-6,0.441040521
9300,7.033e-6,0.48810125
9300,7.084e-6,0.483049893
9300,6.993e-6,0.478762773
9300,6.953e-6,0.488589663
9300,7.114e-6,0.493217591
9300,6.904e-6,0.485587549
9300,7.234e-6,0.488035605
9300,6.953e-6,0.491696809
9300,8.245e-6,0.487374581
9300,7.013e-6,0.493863789
9400,7.003e-6,0.45929791
9400,7.314e-6,0.450100123
9400,7.244e-6,0.463052592
9400,7.044e-6,0.45720125
9400,7.074e-6,0.451006032
9400,7.224e-6,0.452238567
9400,7.123e-6,0.450686732
9400,7.074e-6,0.451441955
9400,7.294e-6,0.454833373
9400,7.024e-6,0.462707853
9500,7.264e-6,0.51654377
9500,7.153e-6,0.506761336
9500,8.386e-6,0.504031333
9500,7.294e-6,0.503441415
9500,7.144e-6,0.499854335
9500,7.214e-6,0.503837323
9500,7.244e-6,0.497723896
9500,7.164e-6,0.497702005
9500,7.124e-6,0.501797457
9500,1.3155e-5,0.50005567
9600,7.153e-6,0.962280252
9600,7.394e-6,0.960144776
9600,7.875e-6,0.981182595
9600,7.174e-6,0.946936244
9600,7.254e-6,0.947293304
9600,7.163e-6,0.944632983
9600,7.324e-6,0.949953515
9600,7.183e-6,0.940462727
9600,7.334e-6,0.942112169
9600,7.163e-6,0.941956156
9700,7.334e-6,0.53009387
9700,7.384e-6,0.531710899
9700,7.635e-6,0.551945808
9700,7.224e-6,0.540364969
9700,7.294e-6,0.530987588
9700,7.584e-6,0.537353378
9700,7.183e-6,0.5317167
9700,7.144e-6,0.531199122
9700,7.163e-6,0.524174845
9700,7.034e-6,0.52482672
9800,7.274e-6,0.491353474
9800,7.324e-6,0.492960609
9800,7.394e-6,0.495156253
9800,7.204e-6,0.499413263
9800,7.274e-6,0.502435686
9800,1.007e-5,0.519572118
9800,7.916e-6,0.52823731
9800,1.2674e-5,0.527956833
9800,7.414e-6,0.495117709
9800,7.344e-6,0.497469362
9900,8.757e-6,0.544868044
9900,7.595e-6,0.5374118
9900,9.157e-6,0.546883421
9900,7.595e-6,0.553647319
9900,7.585e-6,0.537978531
9900,7.505e-6,0.538882047
9900,7.595e-6,0.544788859
9900,7.765e-6,0.540576534
9900,7.505e-6,0.544163264
9900,7.574e-6,0.552192931
10000,7.364e-6,0.545072711
10000,7.565e-6,0.533688627
10000,7.394e-6,0.539509627
10000,7.394e-6,0.54751308
10000,7.515e-6,0.527972792
10000,8.226e-6,0.535157068
10000,7.444e-6,0.526409756
10000,7.535e-6,0.525173886
10000,7.614e-6,0.537243459
10000,7.535e-6,0.550449743
100,1.2e-7,3.6139e-5
100,1.21e-7,3.9135e-5
100,1.2e-7,4.0337e-5
100,1.2e-7,3.9014e-5
100,1.31e-7,3.6991e-5
100,1.2e-7,3.5177e-5
100,1.21e-7,3.2101e-5
100,1.2e-7,3.1981e-5
100,1.2e-7,3.3464e-5
100,1.2e-7,3.4646e-5
200,2.01e-7,0.000137743
200,1.81e-7,0.000172129
200,4.11e-7,0.000127313
200,1.8e-7,0.000129958
200,1.8e-7,0.000136992
200,1.81e-7,0.000131281
200,2.2e-7,0.000129807
200,1.8e-7,0.000131
200,1.91e-7,0.000130319
200,1.9e-7,0.00013079
300,2.61e-7,0.000507389
300,3.51e-7,0.000416496
300,3.9e-7,0.000392569
300,4.21e-7,0.000486339
300,3.7e-7,0.00039818
300,3.31e-7,0.00054989
300,3.51e-7,0.000375037
300,3.71e-7,0.000414471
300,2.71e-7,0.000383102
300,3.61e-7,0.000383773
400,3.21e-7,0.000718262
400,4.01e-7,0.000638469
400,6.92e-7,0.000625936
400,4.0e-7,0.000611849
400,4.81e-7,0.00062303
400,6.31e-7,0.000651254
400,6.11e-7,0.000660272
400,7.62e-7,0.00071708
400,7.61e-7,0.000729323
400,4.01e-7,0.000737539
500,4.11e-7,0.001020269
500,5.41e-7,0.001096775
500,4.91e-7,0.000981995
500,5.81e-7,0.001066758
500,5.01e-7,0.001081245
500,4.81e-7,0.001010911
500,8.42e-7,0.001027723
500,5.41e-7,0.001082087
500,9.42e-7,0.001120721
500,7.41e-7,0.001070514
600,5.72e-7,0.001494104
600,5.61e-7,0.001510876
600,8.72e-7,0.001556082
600,6.01e-7,0.001533339
600,7.91e-7,0.001637888
600,7.72e-7,0.001596509
600,6.71e-7,0.001475157
600,8.11e-7,0.00145015
600,6.51e-7,0.001554629
600,7.52e-7,0.001437816
700,1.062e-6,0.002110331
700,9.11e-7,0.001945727
700,8.01e-7,0.002162711
700,7.51e-7,0.002148574
700,8.01e-7,0.001965895
700,7.72e-7,0.002044766
700,1.152e-6,0.002168331
700,9.02e-7,0.00197899
700,7.62e-7,0.00210462
700,8.21e-7,0.002158943
800,2.064e-6,0.002676773
800,1.512e-6,0.002637237
800,1.323e-6,0.002737388
800,1.422e-6,0.002690159
800,1.292e-6,0.00288419
800,9.92e-7,0.002798045
800,9.72e-7,0.002608502
800,1.233e-6,0.002564037
800,9.72e-7,0.002511317
800,1.463e-6,0.002889289
900,1.523e-6,0.003333527
900,1.012e-6,0.003311415
900,1.823e-6,0.003370948
900,8.52e-7,0.003655612
900,1.232e-6,0.004044394
900,1.142e-6,0.0033508
900,1.102e-6,0.003282009
900,9.92e-7,0.003360048
900,1.012e-6,0.003618632
900,1.683e-6,0.003402098
1000,1.223e-6,0.004393001
1000,1.072e-6,0.004378373
1000,1.543e-6,0.004436384
1000,1.503e-6,0.004198549
1000,1.283e-6,0.00415163
1000,1.523e-6,0.004200002
1000,2.275e-6,0.004635794
1000,1.062e-6,0.004334008
1000,1.272e-6,0.004698595
1000,1.433e-6,0.004457063
1100,1.313e-6,0.005925118
1100,1.613e-6,0.005909397
1100,1.523e-6,0.00572752
1100,1.693e-6,0.006245459
1100,1.342e-6,0.005906351
1100,1.303e-6,0.005841868
1100,1.763e-6,0.005901763
1100,1.513e-6,0.006042171
1100,2.225e-6,0.006018807
1100,1.513e-6,0.005945877
1200,2.535e-6,0.007505405
1200,1.914e-6,0.007811821
1200,1.362e-6,0.007253013
1200,1.684e-6,0.007793546
1200,1.473e-6,0.007035969
1200,1.232e-6,0.007632498
1200,2.234e-6,0.007239488
1200,1.704e-6,0.007481009
1200,2.114e-6,0.007743922
1200,1.423e-6,0.007726748
1300,1.563e-6,0.010225081
1300,1.363e-6,0.009855193
1300,1.533e-6,0.010636917
1300,2.094e-6,0.009858951
1300,1.663e-6,0.010281087
1300,1.422e-6,0.010806461
1300,1.583e-6,0.010319031
1300,1.873e-6,0.011417948
1300,1.403e-6,0.010648209
1300,1.874e-6,0.011103007
1400,2.294e-6,0.011326474
1400,1.653e-6,0.012201716
1400,1.683e-6,0.010285045
1400,1.583e-6,0.012835546
1400,1.293e-6,0.011843892
1400,1.523e-6,0.012660853
1400,1.523e-6,0.012043974
1400,1.934e-6,0.012525835
1400,2.044e-6,0.015754793
1400,1.693e-6,0.012478424
1500,1.894e-6,0.014592392
1500,2.094e-6,0.017278492
1500,2.875e-6,0.016741497
1500,1.513e-6,0.015205903
1500,1.654e-6,0.015427116
1500,1.693e-6,0.014258194
1500,1.743e-6,0.013467433
1500,2.525e-6,0.012879249
1500,1.673e-6,0.012372823
1500,1.874e-6,0.012056799
1600,1.744e-6,0.014272611
1600,1.813e-6,0.014170626
1600,1.703e-6,0.014488203
1600,1.443e-6,0.014964503
1600,1.683e-6,0.014598284
1600,1.533e-6,0.014175245
1600,1.573e-6,0.014362783
1600,1.763e-6,0.014227856
1600,2.175e-6,0.014283723
1600,1.533e-6,0.014123868
1700,1.813e-6,0.016670752
1700,1.663e-6,0.016317306
1700,1.744e-6,0.01649142
1700,1.753e-6,0.016856727
1700,2.074e-6,0.016072058
1700,1.884e-6,0.016094481
1700,1.673e-6,0.016360219
1700,1.833e-6,0.015845496
1700,1.823e-6,0.015994761
1700,1.764e-6,0.014569268
1800,1.844e-6,0.018581292
1800,1.723e-6,0.018021131
1800,1.994e-6,0.018073812
1800,2.244e-6,0.019936259
1800,1.883e-6,0.018005001
1800,2.124e-6,0.031417699
1800,2.104e-6,0.020436805
1800,1.784e-6,0.017639413
1800,1.863e-6,0.032125691
1800,3.046e-6,0.021973611
1900,1.883e-6,0.022141752
1900,1.954e-6,0.0210991
1900,2.084e-6,0.022478666
1900,1.863e-6,0.021843101
1900,2.194e-6,0.01763868
1900,2.044e-6,0.017757017
1900,2.455e-6,0.022333668
1900,1.843e-6,0.021778277
1900,1.843e-6,0.022115522
1900,1.974e-6,0.01920389
2000,2.134e-6,0.024578596
2000,2.134e-6,0.024201716
2000,2.094e-6,0.019267392
2000,1.874e-6,0.024338839
2000,1.944e-6,0.023978911
2000,2.194e-6,0.023780672
2000,1.974e-6,0.017845135
2000,1.973e-6,0.024410415
2000,2.194e-6,0.024163263
2000,1.903e-6,0.026347846
2100,2.054e-6,0.030406979
2100,2.094e-6,0.021385798
2100,2.254e-6,0.028236893
2100,2.114e-6,0.021658448
2100,2.174e-6,0.021543159
2100,2.054e-6,0.024029858
2100,2.555e-6,0.022224569
2100,2.494e-6,0.021571012
2100,2.004e-6,0.023935237
2100,2.204e-6,0.024592322
2200,2.104e-6,0.021425233
2200,2.034e-6,0.02366965
2200,2.104e-6,0.021723533
2200,2.144e-6,0.022178031
2200,2.074e-6,0.022017213
2200,2.054e-6,0.022200654
2200,2.043e-6,0.021629384
2200,2.084e-6,0.021672085
2200,2.415e-6,0.021942299
2200,2.244e-6,0.02149744
2300,2.164e-6,0.026171527
2300,2.204e-6,0.026034527
2300,2.174e-6,0.026562173
2300,2.314e-6,0.026794407
2300,2.315e-6,0.027112786
2300,2.174e-6,0.026249306
2300,2.023e-6,0.029840665
2300,2.254e-6,0.026555251
2300,2.104e-6,0.026771533
2300,2.335e-6,0.026870543
2400,2.615e-6,0.027411986
2400,2.775e-6,0.032569217
2400,2.104e-6,0.028621026
2400,2.335e-6,0.027269955
2400,2.435e-6,0.027613993
2400,2.315e-6,0.027808584
2400,2.314e-6,0.029650192
2400,2.134e-6,0.028400314
2400,2.264e-6,0.027401156
2400,2.354e-6,0.027529562
2500,2.345e-6,0.030750273
2500,2.234e-6,0.032755262
2500,2.264e-6,0.030722609
2500,2.444e-6,0.033198669
2500,2.074e-6,0.030857047
2500,2.154e-6,0.030644122
2500,2.445e-6,0.031763949
2500,2.194e-6,0.030408291
2500,2.204e-6,0.033037241
2500,2.475e-6,0.03108353
2600,2.604e-6,0.032339428
2600,2.685e-6,0.03015705
2600,2.194e-6,0.032681042
2600,2.405e-6,0.03026746
2600,2.725e-6,0.032224288
2600,2.294e-6,0.031053342
2600,2.434e-6,0.03196323
2600,2.364e-6,0.030303079
2600,2.675e-6,0.029955965
2600,2.625e-6,0.030479065
2700,2.394e-6,0.03550225
2700,2.425e-6,0.0357749
2700,2.315e-6,0.035966917
2700,2.575e-6,0.035957719
2700,2.394e-6,0.035997314
2700,2.434e-6,0.035983949
2700,2.555e-6,0.036143754
2700,2.685e-6,0.035839554
2700,2.545e-6,0.035860423
2700,2.444e-6,0.036002134
2800,2.454e-6,0.035127873
2800,2.656e-6,0.036541785
2800,2.475e-6,0.035500326
2800,3.056e-6,0.035551773
2800,2.465e-6,0.03556526
2800,2.625e-6,0.036463585
2800,2.685e-6,0.035242594
2800,2.484e-6,0.035588233
2800,2.495e-6,0.03461794
2800,2.585e-6,0.035242493
2900,2.545e-6,0.040683424
2900,2.795e-6,0.042426686
2900,2.494e-6,0.041500977
2900,2.595e-6,0.041378323
2900,2.475e-6,0.040914767
2900,2.585e-6,0.046374419
2900,2.465e-6,0.041140598
2900,2.706e-6,0.041187779
2900,2.695e-6,0.040888075
2900,2.605e-6,0.041146039
3000,2.575e-6,0.039612169
3000,2.585e-6,0.039987477
3000,2.615e-6,0.04014161
3000,2.885e-6,0.040433809
3000,2.555e-6,0.040095041
3000,2.725e-6,0.039703514
3000,2.555e-6,0.039755964
3000,3.146e-6,0.04006265
3000,2.745e-6,0.039839843
3000,2.876e-6,0.039893127
3100,2.886e-6,0.047844322
3100,2.785e-6,0.047723192
3100,2.535e-6,0.047676361
3100,2.885e-6,0.048656615
3100,2.795e-6,0.04753454
3100,2.735e-6,0.047383572
3100,2.585e-6,0.047243254
3100,2.735e-6,0.04858169
3100,3.036e-6,0.049202197
3100,2.765e-6,0.048369686
3200,2.855e-6,0.056337084
3200,2.885e-6,0.054413861
3200,2.745e-6,0.05670158
3200,2.655e-6,0.057827802
3200,2.765e-6,0.057208177
3200,2.825e-6,0.056031299
3200,4.037e-6,0.058049405
3200,2.785e-6,0.056922622
3200,3.035e-6,0.063139348
3200,2.695e-6,0.05597367
3300,2.875e-6,0.053739642
3300,2.956e-6,0.0541835
3300,4.238e-6,0.056453276
3300,2.945e-6,0.053336371
3300,2.935e-6,0.054046779
3300,3.075e-6,0.055412128
3300,2.986e-6,0.053727749
3300,2.876e-6,0.05383269
3300,3.026e-6,0.056140209
3300,3.486e-6,0.053428829
3400,3.046e-6,0.052461051
3400,2.906e-6,0.053056236
3400,2.915e-6,0.051772014
3400,3.266e-6,0.051797624
3400,2.845e-6,0.054071646
3400,3.076e-6,0.054666072
3400,3.938e-6,0.05323566
3400,2.935e-6,0.053891883
3400,2.735e-6,0.052294954
3400,3.056e-6,0.051794587
3500,3.436e-6,0.062852999
3500,3.085e-6,0.060124548
3500,3.046e-6,0.060975404
3500,3.126e-6,0.063025407
3500,3.086e-6,0.060885912
3500,3.126e-6,0.060118347
3500,2.906e-6,0.062431264
3500,3.066e-6,0.061974971
3500,3.086e-6,0.060485366
3500,2.945e-6,0.061982707
3600,2.965e-6,0.060938141
3600,3.026e-6,0.059012753
3600,3.096e-6,0.060596059
3600,2.995e-6,0.06090115
3600,3.116e-6,0.06134585
3600,3.026e-6,0.059423579
3600,3.847e-6,0.059750573
3600,3.036e-6,0.061261469
3600,3.066e-6,0.061323177
3600,3.216e-6,0.060116893
3700,3.116e-6,0.070444648
3700,3.497e-6,0.072633309
3700,3.447e-6,0.070491017
3700,3.496e-6,0.068503912
3700,3.547e-6,0.067591199
3700,3.347e-6,0.067258703
3700,3.246e-6,0.068876603
3700,3.076e-6,0.068853049
3700,3.296e-6,0.068097505
3700,3.246e-6,0.067448416
3800,3.286e-6,0.065444227
3800,3.115e-6,0.06485894
3800,2.996e-6,0.066438777
3800,3.657e-6,0.064480216
3800,3.217e-6,0.066232743
3800,3.327e-6,0.062371219
3800,3.096e-6,0.064262601
3800,3.065e-6,0.065102305
3800,3.517e-6,0.066231691
3800,3.216e-6,0.064286266
3900,3.256e-6,0.076493883
3900,3.307e-6,0.075507689
3900,3.276e-6,0.075071155
3900,3.487e-6,0.077754099
3900,3.206e-6,0.080356801
3900,3.096e-6,0.076552304
3900,3.206e-6,0.075154254
3900,3.546e-6,0.076561271
3900,3.367e-6,0.075340199
3900,3.276e-6,0.076251309
4000,3.446e-6,0.078846756
4000,3.317e-6,0.079350849
4000,4.158e-6,0.080577071
4000,3.217e-6,0.089897804
4000,3.417e-6,0.078035046
4000,3.266e-6,0.07717855
4000,3.366e-6,0.077577122
4000,3.266e-6,0.078820647
4000,3.427e-6,0.077464196
4000,3.316e-6,0.081212384
4100,3.496e-6,0.084886362
4100,3.356e-6,0.089776883
4100,3.427e-6,0.088152401
4100,3.627e-6,0.089558576
4100,3.316e-6,0.084723852
4100,3.466e-6,0.09069687
4100,3.577e-6,0.084530492
4100,3.176e-6,0.093709524
4100,3.777e-6,0.086203598
4100,3.316e-6,0.095844685
4200,3.447e-6,0.080733772
4200,3.416e-6,0.078451913
4200,4.008e-6,0.078216542
4200,3.616e-6,0.078150156
4200,3.466e-6,0.078622749
4200,3.266e-6,0.07825194
4200,4.017e-6,0.078934023
4200,3.357e-6,0.07829348
4200,3.487e-6,0.078195923
4200,3.387e-6,0.078243615
4300,3.407e-6,0.094575428
4300,3.597e-6,0.091406124
4300,3.738e-6,0.090876473
4300,3.487e-6,0.0914765
4300,3.506e-6,0.090306945
4300,3.747e-6,0.09212622
4300,3.937e-6,0.090992614
4300,3.487e-6,0.092374995
4300,3.657e-6,0.090771753
4300,3.607e-6,0.091080087
4400,3.427e-6,0.091047535
4400,3.517e-6,0.090543903
4400,3.787e-6,0.092037281
4400,4.879e-6,0.092687167
4400,3.607e-6,0.091845455
4400,3.657e-6,0.090595061
4400,3.607e-6,0.092253589
4400,3.647e-6,0.092966892
4400,3.507e-6,0.091257706
4400,3.596e-6,0.091376003
4500,3.667e-6,0.102321991
4500,3.607e-6,0.101695483
4500,3.898e-6,0.101001287
4500,3.597e-6,0.101270161
4500,4.639e-6,0.101175751
4500,3.497e-6,0.101231918
4500,3.717e-6,0.100875628
4500,3.707e-6,0.101328322
4500,3.718e-6,0.101485712
4500,4.208e-6,0.101111978
4600,3.677e-6,0.094975298
4600,3.877e-6,0.09528065
4600,4.007e-6,0.098586014
4600,3.887e-6,0.095558953
4600,3.657e-6,0.095268798
4600,3.978e-6,0.096224063
4600,4.018e-6,0.095491884
4600,3.708e-6,0.095156433
4600,3.938e-6,0.095675696
4600,3.627e-6,0.096525158
4700,3.737e-6,0.111230476
4700,3.727e-6,0.110807158
4700,4.068e-6,0.111853957
4700,4.99e-6,0.111580905
4700,3.988e-6,0.110713509
4700,4.739e-6,0.110200819
4700,4.018e-6,0.113112701
4700,3.707e-6,0.111615251
4700,3.888e-6,0.11193913
4700,3.707e-6,0.110392495
4800,3.968e-6,0.11793943
4800,3.748e-6,0.117898893
4800,4.008e-6,0.118836353
4800,4.739e-6,0.119637123
4800,3.887e-6,0.117935262
4800,3.917e-6,0.118576627
4800,3.838e-6,0.117968946
4800,3.908e-6,0.118695143
4800,4.158e-6,0.118569773
4800,3.897e-6,0.123011908
4900,4.329e-6,0.123972815
4900,3.878e-6,0.128237179
4900,4.359e-6,0.123254532
4900,3.847e-6,0.123906748
4900,3.918e-6,0.123814361
4900,3.877e-6,0.123911968
4900,4.088e-6,0.123901458
4900,3.837e-6,0.124729569
4900,4.047e-6,0.123609571
4900,4.018e-6,0.123596305
5000,4.348e-6,0.114716685
5000,3.888e-6,0.116411976
5000,4.008e-6,0.116431389
5000,3.978e-6,0.11439984
5000,3.938e-6,0.114026367
5000,4.548e-6,0.113800555
5000,3.937e-6,0.11417025
5000,3.997e-6,0.114370903
5000,4.038e-6,0.1135735
5000,4.048e-6,0.115706916
5100,4.128e-6,0.13070293
5100,4.048e-6,0.131575325
5100,4.448e-6,0.131907129
5100,4.158e-6,0.13119059
5100,4.028e-6,0.136651511
5100,4.008e-6,0.131235916
5100,4.198e-6,0.131839891
5100,3.988e-6,0.15359251
5100,8.977e-6,0.232860946
5100,4.408e-6,0.229720438
5200,5.37e-6,0.190237223
5200,5.04e-6,0.17315784
5200,4.919e-6,0.143945984
5200,4.579e-6,0.14958255
5200,7.665e-6,0.143055473
5200,4.078e-6,0.142230307
5200,5.3e-6,0.138356858
5200,4.158e-6,0.144196273
5200,4.108e-6,0.159872233
5200,4.198e-6,0.159520251
5300,4.438e-6,0.176110716
5300,4.258e-6,0.174235358
5300,4.899e-6,0.222777932
5300,4.248e-6,0.200635305
5300,4.298e-6,0.169152259
5300,4.168e-6,0.183245186
5300,4.589e-6,0.20370744
5300,4.218e-6,0.175167198
5300,4.188e-6,0.179548301
5300,6.192e-6,0.173876858
5400,4.278e-6,0.158152388
5400,4.619e-6,0.161445518
5400,3.8053e-5,0.167693492
5400,4.528e-6,0.176010324
5400,4.609e-6,0.156638236
5400,7.334e-6,0.160801389
5400,4.549e-6,0.176638047
5400,4.619e-6,0.153604351
5400,7.003e-6,0.152235842
5400,8.266e-6,0.176248342
5500,4.6439e-5,0.196462844
5500,4.348e-6,0.198109409
5500,4.829e-6,0.179149915
5500,4.709e-6,0.183035176
5500,4.689e-6,0.172965172
5500,4.379e-6,0.162716476
5500,4.379e-6,0.166944331
5500,4.478e-6,0.186376859
5500,7.695e-6,0.199785065
5500,5.55e-6,0.176973217
5600,5.881e-6,0.186301299
5600,4.649e-6,0.171729191
5600,4.97e-6,0.169512808
5600,4.819e-6,0.183167228
5600,7.534e-6,0.171079991
5600,4.388e-6,0.171186704
5600,5.821e-6,0.162956885
5600,6.492e-6,0.180376067
5600,4.919e-6,0.179522705
5600,5.921e-6,0.183171086
5700,4.909e-6,0.203707922
5700,6.813e-6,0.217029487
5700,4.929e-6,0.194124558
5700,5.22e-6,0.193263156
5700,4.829e-6,0.19789783
5700,5.14e-6,0.187825289
5700,5.691e-6,0.200485509
5700,4.569e-6,0.208234153
5700,4.679e-6,0.197625168
5700,4.979e-6,0.21418787
5800,4.739e-6,0.1857174
5800,4.919e-6,0.185227558
5800,4.939e-6,0.199635372
5800,8.276e-6,0.189440982
5800,5.2e-6,0.20551323
5800,5.551e-6,0.200170737
5800,7.344e-6,0.203570921
5800,5.35e-6,0.184567243
5800,4.999e-6,0.202894089
5800,5.371e-6,0.184216003
5900,5.3e-6,0.215555048
5900,5.17e-6,0.212213578
5900,7.034e-6,0.215860425
5900,6.382e-6,0.218474807
5900,5.38e-6,0.217877116
5900,6.282e-6,0.231984913
5900,4.94e-6,0.195500335
5900,4.819e-6,0.262370539
5900,6.733e-6,0.245113328
5900,4.769e-6,0.223825436
6000,7.394e-6,0.214405604
6000,4.839e-6,0.216930121
6000,8.867e-6,0.20776756
6000,5.791e-6,0.211977045
6000,5.43e-6,0.199303498
6000,5.19e-6,0.223402659
6000,5.37e-6,0.215643409
6000,4.859e-6,0.229624032
6000,7.595e-6,0.222933923
6000,5.06e-6,0.206911459
6100,5.009e-6,0.248452665
6100,4.94e-6,0.219205704
6100,4.99e-6,0.250671765
6100,7.544e-6,0.250097748
6100,5.0e-6,0.232945065
6100,4.588e-6,0.234271845
6100,5.61e-6,0.207849462
6100,5.62e-6,0.231140443
6100,5.58e-6,0.220647135
6100,4.739e-6,0.237903567
6200,6.312e-6,0.235294192
6200,5.48e-6,0.212879178
6200,6.082e-6,0.2004512
6200,5.53e-6,0.216892515
6200,6.332e-6,0.227219399
6200,5.08e-6,0.220223796
6200,5.139e-6,0.20298449
6200,4.839e-6,0.209349822
6200,6.271e-6,0.22948641
6200,5.35e-6,0.203468102
6300,5.14e-6,0.263186122
6300,5.46e-6,0.240197813
6300,7.394e-6,0.269330643
6300,5.17e-6,0.277380749
6300,6.753e-6,0.271678387
6300,5.05e-6,0.29266394
6300,7.385e-6,0.230449458
6300,4.869e-6,0.252158413
6300,2.0369e-5,0.259451563
6300,6.171e-6,0.244597201
6400,5.029e-6,0.615255387
6400,7.955e-6,0.589522082
6400,5.26e-6,0.49901552
6400,4.93e-6,0.510011914
6400,5.35e-6,0.539349348
6400,5.831e-6,0.520905188
6400,5.28e-6,0.52956811
6400,7.585e-6,0.56799573
6400,4.83e-6,0.476697259
6400,5.51e-6,0.499975429
6500,5.22e-6,0.273370833
6500,5.029e-6,0.25356294
6500,5.321e-6,0.24392705
6500,5.12e-6,0.233846631
6500,5.451e-6,0.236753783
6500,7.454e-6,0.272835454
6500,5.39e-6,0.256721484
6500,5.22e-6,0.247252667
6500,5.541e-6,0.247886026
6500,5.16e-6,0.247114963
6600,5.31e-6,0.228942404
6600,5.25e-6,0.219134104
6600,5.301e-6,0.260744796
6600,5.19e-6,0.252294064
6600,5.31e-6,0.24287604
6600,5.491e-6,0.263776678
6600,5.029e-6,0.238495521
6600,6.362e-6,0.264852032
6600,6.713e-6,0.241952593
6600,8.045e-6,0.254174543
6700,6.182e-6,0.307217201
6700,5.281e-6,0.290498186
6700,5.952e-6,0.268617003
6700,6.422e-6,0.291279373
6700,5.611e-6,0.286158327
6700,7.194e-6,0.300293025
6700,7.264e-6,0.272414748
6700,7.013e-6,0.290035469
6700,5.581e-6,0.285221278
6700,9.197e-6,0.265463621
6800,5.611e-6,0.270294137
6800,5.16e-6,0.244741581
6800,5.821e-6,0.262409196
6800,6.463e-6,0.251797046
6800,5.521e-6,0.254118821
6800,5.541e-6,0.249067027
6800,1.044e-5,0.259827481
6800,6.503e-6,0.253850958
6800,6.413e-6,0.253174594
6800,5.631e-6,0.262237211
6900,5.631e-6,0.277100539
6900,7.194e-6,0.311228139
6900,6.894e-6,0.287368767
6900,8.366e-6,0.297541738
6900,9.418e-6,0.272930664
6900,5.541e-6,0.284422299
6900,5.48e-6,0.299653095
6900,5.781e-6,0.293605935
6900,5.56e-6,0.288667077
6900,5.661e-6,0.277168041
7000,5.57e-6,0.267649371
7000,9.508e-6,0.259195258
7000,5.721e-6,0.268868991
7000,6.001e-6,0.258562114
7000,5.731e-6,0.267409384
7000,5.681e-6,0.265772633
7000,6.022e-6,0.262967806
7000,5.931e-6,0.254666946
7000,5.711e-6,0.281039494
7000,6.011e-6,0.255971662
7100,5.821e-6,0.31324036
7100,5.58e-6,0.310586375
7100,6.722e-6,0.308858233
7100,5.571e-6,0.290675699
7100,5.721e-6,0.325053585
7100,9.789e-6,0.314962304
7100,5.681e-6,0.311208012
7100,9.297e-6,0.321357201
7100,6.052e-6,0.316116687
7100,5.621e-6,0.307691247
7200,5.691e-6,0.30583517
7200,6.312e-6,0.294459282
7200,6.051e-6,0.319680666
7200,5.551e-6,0.30314872
7200,6.442e-6,0.300375111
7200,5.711e-6,0.308465134
7200,6.282e-6,0.286375132
7200,5.591e-6,0.300497562
7200,5.741e-6,0.291633035
7200,1.4729e-5,0.283566727
7300,5.861e-6,0.333485466
7300,7.134e-6,0.326222489
7300,5.821e-6,0.350072184
7300,7.053e-6,0.324549516
7300,6.202e-6,0.337763989
7300,7.544e-6,0.344530508
7300,6.382e-6,0.329874658
7300,6.152e-6,0.347947531
7300,5.64e-6,0.347378214
7300,6.152e-6,0.347195394
7400,5.631e-6,0.318224832
7400,5.821e-6,0.304121188
7400,6.873e-6,0.32018117
7400,6.392e-6,0.322133909
7400,1.054e-5,0.32555265
7400,6.603e-6,0.31400821
7400,6.051e-6,0.317229484
7400,5.802e-6,0.317741281
7400,6.513e-6,0.330784675
7400,8.196e-6,0.313927055
7500,5.831e-6,0.366873736
7500,5.962e-6,0.35887337
7500,5.851e-6,0.365564745
7500,8.897e-6,0.384241891
7500,7.815e-6,0.361045268
7500,5.911e-6,0.355701346
7500,7.004e-6,0.339331665
7500,6.232e-6,0.355633777
7500,6.192e-6,0.358753145
7500,5.942e-6,0.370512687
7600,5.781e-6,0.327018366
7600,8.316e-6,0.341215293
7600,8.987e-6,0.348121403
7600,5.921e-6,0.332843122
7600,5.991e-6,0.331521517
7600,7.414e-6,0.352854744
7600,5.942e-6,0.339914553
7600,6.101e-6,0.34178161
7600,7.675e-6,0.317038629
7600,6.111e-6,0.348426104
7700,6.302e-6,0.360661513
7700,7.745e-6,0.373407161
7700,6.172e-6,0.387501681
7700,5.881e-6,0.378729901
7700,1.048e-5,0.391839612
7700,6.021e-6,0.379717298
7700,5.962e-6,0.353648705
7700,6.011e-6,0.354659637
7700,7.825e-6,0.335797279
7700,6.081e-6,0.35468995
7800,6.132e-6,0.344331843
7800,6.533e-6,0.361534362
7800,6.202e-6,0.347301697
7800,6.011e-6,0.324790895
7800,6.352e-6,0.358432046
7800,9.478e-6,0.361588747
7800,5.871e-6,0.339170992
7800,6.552e-6,0.345265117
7800,5.892e-6,0.343060893
7800,6.082e-6,0.359974497
7900,7.665e-6,0.387185021
7900,6.221e-6,0.382699825
7900,7.034e-6,0.379056045
7900,6.152e-6,0.388660965
7900,9.638e-6,0.377897161
7900,7.424e-6,0.395121162
7900,7.814e-6,0.389507916
7900,6.652e-6,0.400170148
7900,6.255e-5,0.370489778
7900,6.071e-6,0.396434613
8000,6.632e-6,0.644404684
8000,6.181e-6,0.658992069
8000,5.982e-6,0.686945588
8000,6.152e-6,0.679854544
8000,6.673e-6,0.637704866
8000,7.454e-6,0.776211709
8000,8.226e-6,0.666612238
8000,6.592e-6,0.662844231
8000,6.171e-6,0.724898542
8000,1.6882e-5,0.658154843
8100,6.292e-6,0.419720875
8100,6.352e-6,0.401250526
8100,9.168e-6,0.440622208
8100,6.342e-6,0.421814562
8100,6.242e-6,0.447920695
8100,7.123e-6,0.436835364
8100,6.252e-6,0.410661685
8100,6.393e-6,0.437855839
8100,6.512e-6,0.416861013
8100,1.3686e-5,0.431574461
8200,6.743e-6,0.423310047
8200,6.683e-6,0.391715074
8200,6.363e-6,0.403904977
8200,6.121e-6,0.370870419
8200,1.0881e-5,0.405646623
8200,6.602e-6,0.391309338
8200,7.805e-6,0.395128243
8200,8.967e-6,0.409578214
8200,6.382e-6,0.412890544
8200,1.0671e-5,0.392796647
8300,2.7723e-5,0.437043989
8300,6.472e-6,0.455381469
8300,6.503e-6,0.438083956
8300,6.402e-6,0.465002831
8300,6.442e-6,0.472414611
8300,6.883e-6,0.451249295
8300,6.472e-6,0.443174862
8300,6.622e-6,0.463083813
8300,6.523e-6,0.440118204
8300,6.583e-6,0.423782833
8400,6.433e-6,0.404828204
8400,8.857e-6,0.428977585
8400,6.442e-6,0.406570889
8400,1.1442e-5,0.426413498
8400,6.833e-6,0.416509561
8400,6.523e-6,0.418878391
8400,6.903e-6,0.394268594
8400,6.412e-6,0.412676681
8400,7.785e-6,0.42215626
8400,7.133e-6,0.421342349
8500,6.593e-6,0.476795056
8500,6.913e-6,0.425123671
8500,7.163e-6,0.417402664
8500,6.793e-6,0.42803455
8500,6.743e-6,0.447056685
8500,6.623e-6,0.429370223
8500,6.552e-6,0.435606284
8500,8.005e-6,0.434499505
8500,6.602e-6,0.427877331
8500,6.633e-6,0.439152411
8600,8.977e-6,0.408996499
8600,6.643e-6,0.44419616
8600,1.0851e-5,0.426857831
8600,6.732e-6,0.418771723
8600,6.793e-6,0.401787613
8600,6.623e-6,0.418139236
8600,6.723e-6,0.422068701
8600,1.1933e-5,0.420941497
8600,7.083e-6,0.454290656
8600,6.733e-6,0.402363403
8700,7.054e-6,0.464715859
8700,7.093e-6,0.472012866
8700,7.003e-6,0.459068402
8700,7.033e-6,0.462851206
8700,6.673e-6,0.458844724
8700,6.893e-6,0.459895261
8700,8.186e-6,0.497825559
8700,8.466e-6,0.460687675
8700,7.244e-6,0.477228639
8700,7.034e-6,0.495791756
8800,6.823e-6,0.455013776
8800,7.254e-6,0.454844504
8800,7.053e-6,0.441165818
8800,6.873e-6,0.505882003
8800,1.6311e-5,0.518536846
8800,6.843e-6,0.483608816
8800,6.823e-6,0.480613453
8800,6.813e-6,0.498100874
8800,6.853e-6,0.515805251
8800,7.214e-6,0.518616751
8900,6.783e-6,0.56241655
8900,6.783e-6,0.5191291
8900,3.8153e-5,0.507453228
8900,6.843e-6,0.487063283
8900,7.374e-6,0.57031765
8900,9.568e-6,0.499436055
8900,6.893e-6,0.480664243
8900,7.043e-6,0.514983887
8900,6.803e-6,0.465779014
8900,7.034e-6,0.591843978
9000,7.424e-6,0.529263137
9000,7.094e-6,0.451632173
9000,6.863e-6,0.460286307
9000,7.204e-6,0.486625106
9000,7.304e-6,0.49972401
9000,7.224e-6,0.473230507
9000,7.123e-6,0.490469809
9000,7.184e-6,0.477654532
9000,7.394e-6,0.475827772
9000,7.014e-6,0.478221121
9100,7.324e-6,0.504005457
9100,7.083e-6,0.560158899
9100,8.767e-6,0.573473259
9100,7.554e-6,0.590198507
9100,7.515e-6,0.586388278
9100,8.957e-6,0.565729373
9100,7.174e-6,0.579625545
9100,7.094e-6,0.57091218
9100,8.286e-6,0.59014016
9100,7.815e-6,0.555509437
9200,7.033e-6,0.534920441
9200,7.254e-6,0.547538393
9200,7.164e-6,0.529866988
9200,1.0821e-5,0.493401497
9200,6.973e-6,0.552397543
9200,7.665e-6,0.516840237
9200,1.2073e-5,0.51720356
9200,7.604e-6,0.510936371
9200,7.254e-6,0.524261291
9200,6.843e-6,0.537793333
9300,7.355e-6,0.617058357
9300,1.031e-5,0.598879614
9300,7.204e-6,0.601295552
9300,1.0931e-5,0.594244417
9300,7.986e-6,0.608992542
9300,8.196e-6,0.620884045
9300,7.184e-6,0.542789748
9300,7.074e-6,0.610512044
9300,7.635e-6,0.522436101
9300,7.284e-6,0.517970816
9400,7.104e-6,0.479785441
9400,7.484e-6,0.53963187
9400,7.334e-6,0.510702644
9400,1.1392e-5,0.534978001
9400,1.2995e-5,0.53325923
9400,7.385e-6,0.483342046
9400,7.324e-6,0.489715581
9400,8.727e-6,0.534190353
9400,7.364e-6,0.469961979
9400,7.144e-6,0.476209162
9500,7.193e-6,0.539381884
9500,7.575e-6,0.543112555
9500,7.345e-6,0.545118491
9500,7.614e-6,0.602413287
9500,7.615e-6,0.62155154
9500,7.384e-6,0.542622641
9500,7.374e-6,0.620213184
9500,1.2904e-5,0.610397937
9500,7.234e-6,0.557964492
9500,8.115e-6,0.554189581
9600,7.274e-6,1.073475784
9600,7.835e-6,1.367299803
9600,7.585e-6,1.183720157
9600,1.1702e-5,1.475908026
9600,7.865e-6,1.208453979
9600,8.386e-6,1.06694992
9600,7.535e-6,1.105020967
9600,7.805e-6,1.095345487
9600,7.845e-6,1.041542556
9600,7.384e-6,1.01100798
9700,7.404e-6,0.609786272
9700,7.485e-6,0.913235832
9700,7.254e-6,0.932247796
9700,9.689e-6,0.886518866
9700,8.085e-6,0.882675061
9700,7.445e-6,0.907558452
9700,7.384e-6,0.848587826
9700,7.644e-6,0.840006027
9700,7.674e-6,0.882196387
9700,7.364e-6,0.944113517
9800,7.405e-6,0.854932597
9800,7.975e-6,0.834913691
9800,7.665e-6,0.880722146
9800,1.1461e-5,0.893169901
9800,7.715e-6,0.892520702
9800,7.534e-6,0.926809304
9800,8.065e-6,0.88096404
9800,1.066e-5,0.855437553
9800,7.614e-6,0.842420781
9800,7.444e-6,0.921992484
9900,7.554e-6,0.912935216
9900,7.544e-6,0.96695652
9900,7.624e-6,0.949757478
9900,7.575e-6,0.903957613
9900,7.634e-6,0.879007924
9900,7.764e-6,0.914567573
9900,7.715e-6,0.915371165
9900,8.326e-6,0.947115266
9900,7.725e-6,0.94874229
9900,7.725e-6,0.953927601
10000,1.3235e-5,0.886076863
10000,7.795e-6,0.866529947
10000,7.554e-6,0.944406044
10000,9.668e-6,0.942645094
10000,7.594e-6,0.93446149
10000,7.634e-6,0.940134565
10000,7.615e-6,0.889913221
10000,7.654e-6,0.919751222
10000,7.745e-6,0.892615454
10000,7.694e-6,0.873557131
